X1,X2,X3,X4,X5,X6,X7,X8,Y1,Y2,Efficiency_Level
0.98,514.5,294.0,110.25,7.0,2.0,0.0,0.0,15.55,21.33,Low
0.98,514.5,294.0,110.25,7.0,3.0,0.0,0.0,15.55,21.33,Low
0.98,514.5,294.0,110.25,7.0,4.0,0.0,0.0,15.55,21.33,Low
0.98,514.5,294.0,110.25,7.0,5.0,0.0,0.0,15.55,21.33,Low
0.9,563.5,318.5,122.5,7.0,2.0,0.0,0.0,20.84,28.28,Low
0.9,563.5,318.5,122.5,7.0,3.0,0.0,0.0,21.46,25.38,Low
0.9,563.5,318.5,122.5,7.0,4.0,0.0,0.0,20.71,25.16,Low
0.9,563.5,318.5,122.5,7.0,5.0,0.0,0.0,19.68,29.6,Low
0.86,588.0,294.0,147.0,7.0,2.0,0.0,0.0,19.5,27.3,Low
0.86,588.0,294.0,147.0,7.0,3.0,0.0,0.0,19.95,21.97,Low
0.86,588.0,294.0,147.0,7.0,4.0,0.0,0.0,19.34,23.49,Low
0.86,588.0,294.0,147.0,7.0,5.0,0.0,0.0,18.31,27.87,Low
0.82,612.5,318.5,147.0,7.0,2.0,0.0,0.0,17.05,23.77,Low
0.82,612.5,318.5,147.0,7.0,3.0,0.0,0.0,17.41,21.46,Low
0.82,612.5,318.5,147.0,7.0,4.0,0.0,0.0,16.95,21.16,Low
0.82,612.5,318.5,147.0,7.0,5.0,0.0,0.0,15.98,24.93,Low
0.79,637.0,343.0,147.0,7.0,2.0,0.0,0.0,28.52,37.73,High
0.79,637.0,343.0,147.0,7.0,3.0,0.0,0.0,29.9,31.27,High
0.79,637.0,343.0,147.0,7.0,4.0,0.0,0.0,29.63,30.93,High
0.79,637.0,343.0,147.0,7.0,5.0,0.0,0.0,28.75,39.44,High
0.76,661.5,416.5,122.5,7.0,2.0,0.0,0.0,24.77,29.79,High
0.76,661.5,416.5,122.5,7.0,3.0,0.0,0.0,23.93,29.68,High
0.76,661.5,416.5,122.5,7.0,4.0,0.0,0.0,24.77,29.79,High
0.76,661.5,416.5,122.5,7.0,5.0,0.0,0.0,23.93,29.4,High
0.74,686.0,245.0,220.5,3.5,2.0,0.0,0.0,6.07,10.9,Low
0.74,686.0,245.0,220.5,3.5,3.0,0.0,0.0,6.05,11.19,Low
0.74,686.0,245.0,220.5,3.5,4.0,0.0,0.0,6.01,10.94,Low
0.74,686.0,245.0,220.5,3.5,5.0,0.0,0.0,6.04,11.17,Low
0.71,710.5,269.5,220.5,3.5,2.0,0.0,0.0,6.37,11.27,Low
0.71,710.5,269.5,220.5,3.5,3.0,0.0,0.0,6.4,11.72,Low
0.71,710.5,269.5,220.5,3.5,4.0,0.0,0.0,6.37,11.29,Low
0.71,710.5,269.5,220.5,3.5,5.0,0.0,0.0,6.4,11.67,Low
0.69,735.0,294.0,220.5,3.5,2.0,0.0,0.0,6.85,11.74,Low
0.69,735.0,294.0,220.5,3.5,3.0,0.0,0.0,6.79,12.05,Low
0.69,735.0,294.0,220.5,3.5,4.0,0.0,0.0,6.77,11.73,Low
0.69,735.0,294.0,220.5,3.5,5.0,0.0,0.0,6.81,11.93,Low
0.66,759.5,318.5,220.5,3.5,2.0,0.0,0.0,7.18,12.4,Low
0.66,759.5,318.5,220.5,3.5,3.0,0.0,0.0,7.1,12.23,Low
0.66,759.5,318.5,220.5,3.5,4.0,0.0,0.0,7.1,12.4,Low
0.66,759.5,318.5,220.5,3.5,5.0,0.0,0.0,7.1,12.14,Low
0.64,784.0,343.0,220.5,3.5,2.0,0.0,0.0,10.85,16.78,Low
0.64,784.0,343.0,220.5,3.5,3.0,0.0,0.0,10.54,16.8,Low
0.64,784.0,343.0,220.5,3.5,4.0,0.0,0.0,10.77,16.75,Low
0.64,784.0,343.0,220.5,3.5,5.0,0.0,0.0,10.56,16.67,Low
0.62,808.5,367.5,220.5,3.5,2.0,0.0,0.0,8.6,12.07,Low
0.62,808.5,367.5,220.5,3.5,3.0,0.0,0.0,8.49,12.22,Low
0.62,808.5,367.5,220.5,3.5,4.0,0.0,0.0,8.45,12.08,Low
0.62,808.5,367.5,220.5,3.5,5.0,0.0,0.0,8.5,12.04,Low
0.98,514.5,294.0,110.25,7.0,2.0,0.1,1.0,24.58,26.47,High
0.98,514.5,294.0,110.25,7.0,3.0,0.1,1.0,24.63,26.37,High
0.98,514.5,294.0,110.25,7.0,4.0,0.1,1.0,24.63,26.44,High
0.98,514.5,294.0,110.25,7.0,5.0,0.1,1.0,24.59,26.29,High
0.9,563.5,318.5,122.5,7.0,2.0,0.1,1.0,29.03,32.92,High
0.9,563.5,318.5,122.5,7.0,3.0,0.1,1.0,29.87,29.87,High
0.9,563.5,318.5,122.5,7.0,4.0,0.1,1.0,29.14,29.58,High
0.9,563.5,318.5,122.5,7.0,5.0,0.1,1.0,28.09,34.33,High
0.86,588.0,294.0,147.0,7.0,2.0,0.1,1.0,26.28,30.89,High
0.86,588.0,294.0,147.0,7.0,3.0,0.1,1.0,26.91,25.6,High
0.86,588.0,294.0,147.0,7.0,4.0,0.1,1.0,26.37,27.03,High
0.86,588.0,294.0,147.0,7.0,5.0,0.1,1.0,25.27,31.73,High
0.82,612.5,318.5,147.0,7.0,2.0,0.1,1.0,23.53,27.31,High
0.82,612.5,318.5,147.0,7.0,3.0,0.1,1.0,24.03,24.91,High
0.82,612.5,318.5,147.0,7.0,4.0,0.1,1.0,23.54,24.61,High
0.82,612.5,318.5,147.0,7.0,5.0,0.1,1.0,22.58,28.51,High
0.79,637.0,343.0,147.0,7.0,2.0,0.1,1.0,35.56,41.68,High
0.79,637.0,343.0,147.0,7.0,3.0,0.1,1.0,37.12,35.28,High
0.79,637.0,343.0,147.0,7.0,4.0,0.1,1.0,36.9,34.43,High
0.79,637.0,343.0,147.0,7.0,5.0,0.1,1.0,35.94,43.33,High
0.76,661.5,416.5,122.5,7.0,2.0,0.1,1.0,32.96,33.87,High
0.76,661.5,416.5,122.5,7.0,3.0,0.1,1.0,32.12,34.07,High
0.76,661.5,416.5,122.5,7.0,4.0,0.1,1.0,32.94,34.14,High
0.76,661.5,416.5,122.5,7.0,5.0,0.1,1.0,32.21,33.67,High
0.74,686.0,245.0,220.5,3.5,2.0,0.1,1.0,10.36,13.43,Low
0.74,686.0,245.0,220.5,3.5,3.0,0.1,1.0,10.43,13.71,Low
0.74,686.0,245.0,220.5,3.5,4.0,0.1,1.0,10.36,13.48,Low
0.74,686.0,245.0,220.5,3.5,5.0,0.1,1.0,10.39,13.7,Low
0.71,710.5,269.5,220.5,3.5,2.0,0.1,1.0,10.71,13.8,Low
0.71,710.5,269.5,220.5,3.5,3.0,0.1,1.0,10.8,14.28,Low
0.71,710.5,269.5,220.5,3.5,4.0,0.1,1.0,10.7,13.87,Low
0.71,710.5,269.5,220.5,3.5,5.0,0.1,1.0,10.75,14.27,Low
0.69,735.0,294.0,220.5,3.5,2.0,0.1,1.0,11.11,14.28,Low
0.69,735.0,294.0,220.5,3.5,3.0,0.1,1.0,11.13,14.61,Low
0.69,735.0,294.0,220.5,3.5,4.0,0.1,1.0,11.09,14.3,Low
0.69,735.0,294.0,220.5,3.5,5.0,0.1,1.0,11.16,14.45,Low
0.66,759.5,318.5,220.5,3.5,2.0,0.1,1.0,11.68,13.9,Low
0.66,759.5,318.5,220.5,3.5,3.0,0.1,1.0,11.69,13.72,Low
0.66,759.5,318.5,220.5,3.5,4.0,0.1,1.0,11.7,13.88,Low
0.66,759.5,318.5,220.5,3.5,5.0,0.1,1.0,11.69,13.65,Low
0.64,784.0,343.0,220.5,3.5,2.0,0.1,1.0,15.41,19.37,Low
0.64,784.0,343.0,220.5,3.5,3.0,0.1,1.0,15.2,19.43,Low
0.64,784.0,343.0,220.5,3.5,4.0,0.1,1.0,15.42,19.34,Low
0.64,784.0,343.0,220.5,3.5,5.0,0.1,1.0,15.21,19.32,Low
0.62,808.5,367.5,220.5,3.5,2.0,0.1,1.0,12.96,14.34,Low
0.62,808.5,367.5,220.5,3.5,3.0,0.1,1.0,12.97,14.5,Low
0.62,808.5,367.5,220.5,3.5,4.0,0.1,1.0,12.93,14.33,Low
0.62,808.5,367.5,220.5,3.5,5.0,0.1,1.0,13.02,14.27,Low
0.98,514.5,294.0,110.25,7.0,2.0,0.1,2.0,24.29,25.95,High
0.98,514.5,294.0,110.25,7.0,3.0,0.1,2.0,24.31,25.63,High
0.98,514.5,294.0,110.25,7.0,4.0,0.1,2.0,24.13,26.13,High
0.98,514.5,294.0,110.25,7.0,5.0,0.1,2.0,24.25,25.89,High
0.9,563.5,318.5,122.5,7.0,2.0,0.1,2.0,28.88,32.54,High
0.9,563.5,318.5,122.5,7.0,3.0,0.1,2.0,29.68,29.44,High
0.9,563.5,318.5,122.5,7.0,4.0,0.1,2.0,28.83,29.36,High
0.9,563.5,318.5,122.5,7.0,5.0,0.1,2.0,27.9,34.2,High
0.86,588.0,294.0,147.0,7.0,2.0,0.1,2.0,26.48,30.91,High
0.86,588.0,294.0,147.0,7.0,3.0,0.1,2.0,27.02,25.63,High
0.86,588.0,294.0,147.0,7.0,4.0,0.1,2.0,26.33,27.36,High
0.86,588.0,294.0,147.0,7.0,5.0,0.1,2.0,25.36,31.9,High
0.82,612.5,318.5,147.0,7.0,2.0,0.1,2.0,23.75,27.38,High
0.82,612.5,318.5,147.0,7.0,3.0,0.1,2.0,24.23,25.02,High
0.82,612.5,318.5,147.0,7.0,4.0,0.1,2.0,23.67,24.8,High
0.82,612.5,318.5,147.0,7.0,5.0,0.1,2.0,22.79,28.79,High
0.79,637.0,343.0,147.0,7.0,2.0,0.1,2.0,35.65,41.07,High
0.79,637.0,343.0,147.0,7.0,3.0,0.1,2.0,37.26,34.62,High
0.79,637.0,343.0,147.0,7.0,4.0,0.1,2.0,36.97,33.87,High
0.79,637.0,343.0,147.0,7.0,5.0,0.1,2.0,36.03,42.86,High
0.76,661.5,416.5,122.5,7.0,2.0,0.1,2.0,33.16,33.91,High
0.76,661.5,416.5,122.5,7.0,3.0,0.1,2.0,32.4,34.07,High
0.76,661.5,416.5,122.5,7.0,4.0,0.1,2.0,33.12,34.17,High
0.76,661.5,416.5,122.5,7.0,5.0,0.1,2.0,32.41,33.78,High
0.74,686.0,245.0,220.5,3.5,2.0,0.1,2.0,10.42,13.39,Low
0.74,686.0,245.0,220.5,3.5,3.0,0.1,2.0,10.46,13.72,Low
0.74,686.0,245.0,220.5,3.5,4.0,0.1,2.0,10.32,13.57,Low
0.74,686.0,245.0,220.5,3.5,5.0,0.1,2.0,10.45,13.79,Low
0.71,710.5,269.5,220.5,3.5,2.0,0.1,2.0,10.64,13.67,Low
0.71,710.5,269.5,220.5,3.5,3.0,0.1,2.0,10.72,14.11,Low
0.71,710.5,269.5,220.5,3.5,4.0,0.1,2.0,10.55,13.8,Low
0.71,710.5,269.5,220.5,3.5,5.0,0.1,2.0,10.68,14.21,Low
0.69,735.0,294.0,220.5,3.5,2.0,0.1,2.0,11.45,13.2,Low
0.69,735.0,294.0,220.5,3.5,3.0,0.1,2.0,11.46,13.54,Low
0.69,735.0,294.0,220.5,3.5,4.0,0.1,2.0,11.32,13.32,Low
0.69,735.0,294.0,220.5,3.5,5.0,0.1,2.0,11.49,13.51,Low
0.66,759.5,318.5,220.5,3.5,2.0,0.1,2.0,11.45,14.86,Low
0.66,759.5,318.5,220.5,3.5,3.0,0.1,2.0,11.42,14.75,Low
0.66,759.5,318.5,220.5,3.5,4.0,0.1,2.0,11.33,15.0,Low
0.66,759.5,318.5,220.5,3.5,5.0,0.1,2.0,11.43,14.74,Low
0.64,784.0,343.0,220.5,3.5,2.0,0.1,2.0,15.41,19.23,Low
0.64,784.0,343.0,220.5,3.5,3.0,0.1,2.0,15.18,19.34,Low
0.64,784.0,343.0,220.5,3.5,4.0,0.1,2.0,15.34,19.32,Low
0.64,784.0,343.0,220.5,3.5,5.0,0.1,2.0,15.19,19.3,Low
0.62,808.5,367.5,220.5,3.5,2.0,0.1,2.0,12.88,14.37,Low
0.62,808.5,367.5,220.5,3.5,3.0,0.1,2.0,13.0,14.57,Low
0.62,808.5,367.5,220.5,3.5,4.0,0.1,2.0,12.97,14.27,Low
0.62,808.5,367.5,220.5,3.5,5.0,0.1,2.0,13.04,14.24,Low
0.98,514.5,294.0,110.25,7.0,2.0,0.1,3.0,24.28,25.68,High
0.98,514.5,294.0,110.25,7.0,3.0,0.1,3.0,24.4,26.02,High
0.98,514.5,294.0,110.25,7.0,4.0,0.1,3.0,24.11,25.84,High
0.98,514.5,294.0,110.25,7.0,5.0,0.1,3.0,24.35,26.14,High
0.9,563.5,318.5,122.5,7.0,2.0,0.1,3.0,28.07,34.14,High
0.9,563.5,318.5,122.5,7.0,3.0,0.1,3.0,29.01,32.85,High
0.9,563.5,318.5,122.5,7.0,4.0,0.1,3.0,29.62,30.08,High
0.9,563.5,318.5,122.5,7.0,5.0,0.1,3.0,29.05,29.67,High
0.86,588.0,294.0,147.0,7.0,2.0,0.1,3.0,25.41,31.73,High
0.86,588.0,294.0,147.0,7.0,3.0,0.1,3.0,26.47,31.01,High
0.86,588.0,294.0,147.0,7.0,4.0,0.1,3.0,26.89,25.9,High
0.86,588.0,294.0,147.0,7.0,5.0,0.1,3.0,26.46,27.4,High
0.82,612.5,318.5,147.0,7.0,2.0,0.1,3.0,22.93,28.68,High
0.82,612.5,318.5,147.0,7.0,3.0,0.1,3.0,23.84,27.54,High
0.82,612.5,318.5,147.0,7.0,4.0,0.1,3.0,24.17,25.35,High
0.82,612.5,318.5,147.0,7.0,5.0,0.1,3.0,23.87,24.93,High
0.79,637.0,343.0,147.0,7.0,2.0,0.1,3.0,35.78,43.12,High
0.79,637.0,343.0,147.0,7.0,3.0,0.1,3.0,35.48,41.22,High
0.79,637.0,343.0,147.0,7.0,4.0,0.1,3.0,36.97,35.1,High
0.79,637.0,343.0,147.0,7.0,5.0,0.1,3.0,36.7,34.29,High
0.76,661.5,416.5,122.5,7.0,2.0,0.1,3.0,32.52,33.85,High
0.76,661.5,416.5,122.5,7.0,3.0,0.1,3.0,33.28,34.11,High
0.76,661.5,416.5,122.5,7.0,4.0,0.1,3.0,32.33,34.48,High
0.76,661.5,416.5,122.5,7.0,5.0,0.1,3.0,33.24,34.5,High
0.74,686.0,245.0,220.5,3.5,2.0,0.1,3.0,10.39,13.6,Low
0.74,686.0,245.0,220.5,3.5,3.0,0.1,3.0,10.34,13.36,Low
0.74,686.0,245.0,220.5,3.5,4.0,0.1,3.0,10.35,13.65,Low
0.74,686.0,245.0,220.5,3.5,5.0,0.1,3.0,10.38,13.49,Low
0.71,710.5,269.5,220.5,3.5,2.0,0.1,3.0,10.77,14.14,Low
0.71,710.5,269.5,220.5,3.5,3.0,0.1,3.0,10.68,13.77,Low
0.71,710.5,269.5,220.5,3.5,4.0,0.1,3.0,10.68,14.3,Low
0.71,710.5,269.5,220.5,3.5,5.0,0.1,3.0,10.7,13.87,Low
0.69,735.0,294.0,220.5,3.5,2.0,0.1,3.0,11.22,14.44,Low
0.69,735.0,294.0,220.5,3.5,3.0,0.1,3.0,11.16,14.27,Low
0.69,735.0,294.0,220.5,3.5,4.0,0.1,3.0,11.1,14.67,Low
0.69,735.0,294.0,220.5,3.5,5.0,0.1,3.0,11.14,14.4,Low
0.66,759.5,318.5,220.5,3.5,2.0,0.1,3.0,11.59,13.46,Low
0.66,759.5,318.5,220.5,3.5,3.0,0.1,3.0,11.6,13.7,Low
0.66,759.5,318.5,220.5,3.5,4.0,0.1,3.0,11.53,13.59,Low
0.66,759.5,318.5,220.5,3.5,5.0,0.1,3.0,11.61,13.83,Low
0.64,784.0,343.0,220.5,3.5,2.0,0.1,3.0,15.16,19.14,Low
0.64,784.0,343.0,220.5,3.5,3.0,0.1,3.0,15.36,19.18,Low
0.64,784.0,343.0,220.5,3.5,4.0,0.1,3.0,15.12,19.37,Low
0.64,784.0,343.0,220.5,3.5,5.0,0.1,3.0,15.36,19.29,Low
0.62,808.5,367.5,220.5,3.5,2.0,0.1,3.0,12.68,14.09,Low
0.62,808.5,367.5,220.5,3.5,3.0,0.1,3.0,12.63,14.23,Low
0.62,808.5,367.5,220.5,3.5,4.0,0.1,3.0,12.71,14.14,Low
0.62,808.5,367.5,220.5,3.5,5.0,0.1,3.0,12.73,13.89,Low
0.98,514.5,294.0,110.25,7.0,2.0,0.1,4.0,24.38,25.91,High
0.98,514.5,294.0,110.25,7.0,3.0,0.1,4.0,24.23,25.72,High
0.98,514.5,294.0,110.25,7.0,4.0,0.1,4.0,24.04,26.18,High
0.98,514.5,294.0,110.25,7.0,5.0,0.1,4.0,24.32,25.87,High
0.9,563.5,318.5,122.5,7.0,2.0,0.1,4.0,29.06,29.34,High
0.9,563.5,318.5,122.5,7.0,3.0,0.1,4.0,28.05,33.91,High
0.9,563.5,318.5,122.5,7.0,4.0,0.1,4.0,28.86,32.83,High
0.9,563.5,318.5,122.5,7.0,5.0,0.1,4.0,29.79,29.92,High
0.86,588.0,294.0,147.0,7.0,2.0,0.1,4.0,26.44,27.17,High
0.86,588.0,294.0,147.0,7.0,3.0,0.1,4.0,25.37,31.76,High
0.86,588.0,294.0,147.0,7.0,4.0,0.1,4.0,26.33,31.06,High
0.86,588.0,294.0,147.0,7.0,5.0,0.1,4.0,27.03,25.81,High
0.82,612.5,318.5,147.0,7.0,2.0,0.1,4.0,23.8,24.61,High
0.82,612.5,318.5,147.0,7.0,3.0,0.1,4.0,22.8,28.61,High
0.82,612.5,318.5,147.0,7.0,4.0,0.1,4.0,23.59,27.57,High
0.82,612.5,318.5,147.0,7.0,5.0,0.1,4.0,24.24,25.16,High
0.79,637.0,343.0,147.0,7.0,2.0,0.1,4.0,36.86,34.25,High
0.79,637.0,343.0,147.0,7.0,3.0,0.1,4.0,35.89,43.3,High
0.79,637.0,343.0,147.0,7.0,4.0,0.1,4.0,35.45,41.86,High
0.79,637.0,343.0,147.0,7.0,5.0,0.1,4.0,37.1,35.29,High
0.76,661.5,416.5,122.5,7.0,2.0,0.1,4.0,33.08,34.11,High
0.76,661.5,416.5,122.5,7.0,3.0,0.1,4.0,32.38,33.62,High
0.76,661.5,416.5,122.5,7.0,4.0,0.1,4.0,33.09,33.89,High
0.76,661.5,416.5,122.5,7.0,5.0,0.1,4.0,32.31,34.05,High
0.74,686.0,245.0,220.5,3.5,2.0,0.1,4.0,10.08,13.2,Low
0.74,686.0,245.0,220.5,3.5,3.0,0.1,4.0,10.15,13.36,Low
0.74,686.0,245.0,220.5,3.5,4.0,0.1,4.0,10.07,13.21,Low
0.74,686.0,245.0,220.5,3.5,5.0,0.1,4.0,10.14,13.53,Low
0.71,710.5,269.5,220.5,3.5,2.0,0.1,4.0,10.66,13.67,Low
0.71,710.5,269.5,220.5,3.5,3.0,0.1,4.0,10.68,14.12,Low
0.71,710.5,269.5,220.5,3.5,4.0,0.1,4.0,10.53,13.79,Low
0.71,710.5,269.5,220.5,3.5,5.0,0.1,4.0,10.72,14.2,Low
0.69,735.0,294.0,220.5,3.5,2.0,0.1,4.0,11.18,14.29,Low
0.69,735.0,294.0,220.5,3.5,3.0,0.1,4.0,11.22,14.49,Low
0.69,735.0,294.0,220.5,3.5,4.0,0.1,4.0,11.07,14.42,Low
0.69,735.0,294.0,220.5,3.5,5.0,0.1,4.0,11.2,14.73,Low
0.66,759.5,318.5,220.5,3.5,2.0,0.1,4.0,11.44,14.86,Low
0.66,759.5,318.5,220.5,3.5,3.0,0.1,4.0,11.42,14.67,Low
0.66,759.5,318.5,220.5,3.5,4.0,0.1,4.0,11.33,15.0,Low
0.66,759.5,318.5,220.5,3.5,5.0,0.1,4.0,11.43,14.83,Low
0.64,784.0,343.0,220.5,3.5,2.0,0.1,4.0,15.4,19.24,Low
0.64,784.0,343.0,220.5,3.5,3.0,0.1,4.0,15.19,19.25,Low
0.64,784.0,343.0,220.5,3.5,4.0,0.1,4.0,15.32,19.42,Low
0.64,784.0,343.0,220.5,3.5,5.0,0.1,4.0,15.16,19.48,Low
0.62,808.5,367.5,220.5,3.5,2.0,0.1,4.0,12.85,14.37,Low
0.62,808.5,367.5,220.5,3.5,3.0,0.1,4.0,13.04,14.34,Low
0.62,808.5,367.5,220.5,3.5,4.0,0.1,4.0,13.0,14.28,Low
0.62,808.5,367.5,220.5,3.5,5.0,0.1,4.0,13.0,14.47,Low
0.98,514.5,294.0,110.25,7.0,2.0,0.1,5.0,24.35,25.64,High
0.98,514.5,294.0,110.25,7.0,3.0,0.1,5.0,24.33,25.98,High
0.98,514.5,294.0,110.25,7.0,4.0,0.1,5.0,24.03,25.88,High
0.98,514.5,294.0,110.25,7.0,5.0,0.1,5.0,24.26,26.18,High
0.9,563.5,318.5,122.5,7.0,2.0,0.1,5.0,29.83,29.82,High
0.9,563.5,318.5,122.5,7.0,3.0,0.1,5.0,29.08,29.52,High
0.9,563.5,318.5,122.5,7.0,4.0,0.1,5.0,28.03,34.45,High
0.9,563.5,318.5,122.5,7.0,5.0,0.1,5.0,29.02,33.01,High
0.86,588.0,294.0,147.0,7.0,2.0,0.1,5.0,27.03,25.82,High
0.86,588.0,294.0,147.0,7.0,3.0,0.1,5.0,26.45,27.33,High
0.86,588.0,294.0,147.0,7.0,4.0,0.1,5.0,25.36,32.04,High
0.86,588.0,294.0,147.0,7.0,5.0,0.1,5.0,26.45,31.28,High
0.82,612.5,318.5,147.0,7.0,2.0,0.1,5.0,24.37,25.11,High
0.82,612.5,318.5,147.0,7.0,3.0,0.1,5.0,23.89,24.77,High
0.82,612.5,318.5,147.0,7.0,4.0,0.1,5.0,22.89,28.88,High
0.82,612.5,318.5,147.0,7.0,5.0,0.1,5.0,23.86,27.69,High
0.79,637.0,343.0,147.0,7.0,2.0,0.1,5.0,37.03,34.99,High
0.79,637.0,343.0,147.0,7.0,3.0,0.1,5.0,36.71,34.18,High
0.79,637.0,343.0,147.0,7.0,4.0,0.1,5.0,36.77,43.14,High
0.79,637.0,343.0,147.0,7.0,5.0,0.1,5.0,35.48,41.26,High
0.76,661.5,416.5,122.5,7.0,2.0,0.1,5.0,32.31,34.25,High
0.76,661.5,416.5,122.5,7.0,3.0,0.1,5.0,33.21,34.35,High
0.76,661.5,416.5,122.5,7.0,4.0,0.1,5.0,32.46,33.64,High
0.76,661.5,416.5,122.5,7.0,5.0,0.1,5.0,33.27,33.88,High
0.74,686.0,245.0,220.5,3.5,2.0,0.1,5.0,10.47,13.65,Low
0.74,686.0,245.0,220.5,3.5,3.0,0.1,5.0,10.37,13.44,Low
0.74,686.0,245.0,220.5,3.5,4.0,0.1,5.0,10.34,13.72,Low
0.74,686.0,245.0,220.5,3.5,5.0,0.1,5.0,10.39,13.5,Low
0.71,710.5,269.5,220.5,3.5,2.0,0.1,5.0,10.78,14.18,Low
0.71,710.5,269.5,220.5,3.5,3.0,0.1,5.0,10.7,13.75,Low
0.71,710.5,269.5,220.5,3.5,4.0,0.1,5.0,10.67,14.26,Low
0.71,710.5,269.5,220.5,3.5,5.0,0.1,5.0,13.69,13.89,Low
0.69,735.0,294.0,220.5,3.5,2.0,0.1,5.0,11.21,14.55,Low
0.69,735.0,294.0,220.5,3.5,3.0,0.1,5.0,11.14,14.28,Low
0.69,735.0,294.0,220.5,3.5,4.0,0.1,5.0,11.11,14.46,Low
0.69,735.0,294.0,220.5,3.5,5.0,0.1,5.0,11.16,14.39,Low
0.66,759.5,318.5,220.5,3.5,2.0,0.1,5.0,11.38,14.54,Low
0.66,759.5,318.5,220.5,3.5,3.0,0.1,5.0,11.34,14.81,Low
0.66,759.5,318.5,220.5,3.5,4.0,0.1,5.0,11.22,14.65,Low
0.66,759.5,318.5,220.5,3.5,5.0,0.1,5.0,11.34,14.87,Low
0.64,784.0,343.0,220.5,3.5,2.0,0.1,5.0,15.16,19.24,Low
0.64,784.0,343.0,220.5,3.5,3.0,0.1,5.0,15.37,19.18,Low
0.64,784.0,343.0,220.5,3.5,4.0,0.1,5.0,15.12,19.26,Low
0.64,784.0,343.0,220.5,3.5,5.0,0.1,5.0,15.36,19.29,Low
0.62,808.5,367.5,220.5,3.5,2.0,0.1,5.0,12.59,14.24,Low
0.62,808.5,367.5,220.5,3.5,3.0,0.1,5.0,12.74,13.97,Low
0.62,808.5,367.5,220.5,3.5,4.0,0.1,5.0,12.8,13.99,Low
0.62,808.5,367.5,220.5,3.5,5.0,0.1,5.0,12.62,14.15,Low
0.98,514.5,294.0,110.25,7.0,2.0,0.25,1.0,28.15,29.79,High
0.98,514.5,294.0,110.25,7.0,3.0,0.25,1.0,28.15,29.79,High
0.98,514.5,294.0,110.25,7.0,4.0,0.25,1.0,28.37,29.28,High
0.98,514.5,294.0,110.25,7.0,5.0,0.25,1.0,28.41,29.49,High
0.9,563.5,318.5,122.5,7.0,2.0,0.25,1.0,32.68,36.12,High
0.9,563.5,318.5,122.5,7.0,3.0,0.25,1.0,33.48,33.17,High
0.9,563.5,318.5,122.5,7.0,4.0,0.25,1.0,32.84,32.71,High
0.9,563.5,318.5,122.5,7.0,5.0,0.25,1.0,32.0,37.58,High
0.86,588.0,294.0,147.0,7.0,2.0,0.25,1.0,29.54,33.98,High
0.86,588.0,294.0,147.0,7.0,3.0,0.25,1.0,30.05,28.61,High
0.86,588.0,294.0,147.0,7.0,4.0,0.25,1.0,29.6,30.12,High
0.86,588.0,294.0,147.0,7.0,5.0,0.25,1.0,28.66,34.73,High
0.82,612.5,318.5,147.0,7.0,2.0,0.25,1.0,26.84,30.17,High
0.82,612.5,318.5,147.0,7.0,3.0,0.25,1.0,27.27,27.84,High
0.82,612.5,318.5,147.0,7.0,4.0,0.25,1.0,26.97,27.25,High
0.82,612.5,318.5,147.0,7.0,5.0,0.25,1.0,26.19,31.39,High
0.79,637.0,343.0,147.0,7.0,2.0,0.25,1.0,38.67,43.8,High
0.79,637.0,343.0,147.0,7.0,3.0,0.25,1.0,40.03,37.81,High
0.79,637.0,343.0,147.0,7.0,4.0,0.25,1.0,39.86,36.85,High
0.79,637.0,343.0,147.0,7.0,5.0,0.25,1.0,39.04,45.52,High
0.76,661.5,416.5,122.5,7.0,2.0,0.25,1.0,36.96,36.85,High
0.76,661.5,416.5,122.5,7.0,3.0,0.25,1.0,36.13,37.58,High
0.76,661.5,416.5,122.5,7.0,4.0,0.25,1.0,36.91,37.45,High
0.76,661.5,416.5,122.5,7.0,5.0,0.25,1.0,36.43,36.62,High
0.74,686.0,245.0,220.5,3.5,2.0,0.25,1.0,12.43,15.19,Low
0.74,686.0,245.0,220.5,3.5,3.0,0.25,1.0,12.5,15.5,Low
0.74,686.0,245.0,220.5,3.5,4.0,0.25,1.0,12.41,15.28,Low
0.74,686.0,245.0,220.5,3.5,5.0,0.25,1.0,12.45,15.5,Low
0.71,710.5,269.5,220.5,3.5,2.0,0.25,1.0,12.57,15.42,Low
0.71,710.5,269.5,220.5,3.5,3.0,0.25,1.0,12.65,15.85,Low
0.71,710.5,269.5,220.5,3.5,4.0,0.25,1.0,12.57,15.44,Low
0.71,710.5,269.5,220.5,3.5,5.0,0.25,1.0,12.63,15.81,Low
0.69,735.0,294.0,220.5,3.5,2.0,0.25,1.0,12.78,15.21,Low
0.69,735.0,294.0,220.5,3.5,3.0,0.25,1.0,12.93,15.63,Low
0.69,735.0,294.0,220.5,3.5,4.0,0.25,1.0,12.73,15.48,Low
0.69,735.0,294.0,220.5,3.5,5.0,0.25,1.0,12.72,15.78,Low
0.66,759.5,318.5,220.5,3.5,2.0,0.25,1.0,13.17,16.39,Low
0.66,759.5,318.5,220.5,3.5,3.0,0.25,1.0,13.18,16.27,Low
0.66,759.5,318.5,220.5,3.5,4.0,0.25,1.0,13.17,16.39,Low
0.66,759.5,318.5,220.5,3.5,5.0,0.25,1.0,13.18,16.19,Low
0.64,784.0,343.0,220.5,3.5,2.0,0.25,1.0,17.5,21.13,Low
0.64,784.0,343.0,220.5,3.5,3.0,0.25,1.0,17.35,21.19,Low
0.64,784.0,343.0,220.5,3.5,4.0,0.25,1.0,17.52,21.09,Low
0.64,784.0,343.0,220.5,3.5,5.0,0.25,1.0,17.37,21.08,Low
0.62,808.5,367.5,220.5,3.5,2.0,0.25,1.0,15.09,15.77,Low
0.62,808.5,367.5,220.5,3.5,3.0,0.25,1.0,15.12,15.95,Low
0.62,808.5,367.5,220.5,3.5,4.0,0.25,1.0,15.08,15.77,Low
0.62,808.5,367.5,220.5,3.5,5.0,0.25,1.0,15.16,15.76,Low
0.98,514.5,294.0,110.25,7.0,2.0,0.25,2.0,28.67,29.62,High
0.98,514.5,294.0,110.25,7.0,3.0,0.25,2.0,28.57,29.69,High
0.98,514.5,294.0,110.25,7.0,4.0,0.25,2.0,28.18,30.18,High
0.98,514.5,294.0,110.25,7.0,5.0,0.25,2.0,28.6,30.02,High
0.9,563.5,318.5,122.5,7.0,2.0,0.25,2.0,32.46,35.56,High
0.9,563.5,318.5,122.5,7.0,3.0,0.25,2.0,33.27,32.64,High
0.9,563.5,318.5,122.5,7.0,4.0,0.25,2.0,32.33,32.77,High
0.9,563.5,318.5,122.5,7.0,5.0,0.25,2.0,31.66,37.72,High
0.86,588.0,294.0,147.0,7.0,2.0,0.25,2.0,29.34,33.37,High
0.86,588.0,294.0,147.0,7.0,3.0,0.25,2.0,29.87,27.89,High
0.86,588.0,294.0,147.0,7.0,4.0,0.25,2.0,29.27,29.9,High
0.86,588.0,294.0,147.0,7.0,5.0,0.25,2.0,28.4,34.52,High
0.82,612.5,318.5,147.0,7.0,2.0,0.25,2.0,25.74,28.27,High
0.82,612.5,318.5,147.0,7.0,3.0,0.25,2.0,25.98,26.96,High
0.82,612.5,318.5,147.0,7.0,4.0,0.25,2.0,25.38,26.72,High
0.82,612.5,318.5,147.0,7.0,5.0,0.25,2.0,24.94,29.88,High
0.79,637.0,343.0,147.0,7.0,2.0,0.25,2.0,38.57,43.86,High
0.79,637.0,343.0,147.0,7.0,3.0,0.25,2.0,40.19,37.41,High
0.79,637.0,343.0,147.0,7.0,4.0,0.25,2.0,39.97,36.77,High
0.79,637.0,343.0,147.0,7.0,5.0,0.25,2.0,38.98,45.97,High
0.76,661.5,416.5,122.5,7.0,2.0,0.25,2.0,36.95,36.87,High
0.76,661.5,416.5,122.5,7.0,3.0,0.25,2.0,36.28,37.35,High
0.76,661.5,416.5,122.5,7.0,4.0,0.25,2.0,36.86,37.28,High
0.76,661.5,416.5,122.5,7.0,5.0,0.25,2.0,36.45,36.81,High
0.74,686.0,245.0,220.5,3.5,2.0,0.25,2.0,12.35,14.73,Low
0.74,686.0,245.0,220.5,3.5,3.0,0.25,2.0,12.45,15.1,Low
0.74,686.0,245.0,220.5,3.5,4.0,0.25,2.0,12.16,15.18,Low
0.74,686.0,245.0,220.5,3.5,5.0,0.25,2.0,12.3,15.44,Low
0.71,710.5,269.5,220.5,3.5,2.0,0.25,2.0,12.33,14.91,Low
0.71,710.5,269.5,220.5,3.5,3.0,0.25,2.0,12.29,15.4,Low
0.71,710.5,269.5,220.5,3.5,4.0,0.25,2.0,12.2,14.94,Low
0.71,710.5,269.5,220.5,3.5,5.0,0.25,2.0,12.49,15.32,Low
0.69,735.0,294.0,220.5,3.5,2.0,0.25,2.0,12.85,15.52,Low
0.69,735.0,294.0,220.5,3.5,3.0,0.25,2.0,12.87,15.85,Low
0.69,735.0,294.0,220.5,3.5,4.0,0.25,2.0,12.73,15.66,Low
0.69,735.0,294.0,220.5,3.5,5.0,0.25,2.0,12.95,15.99,Low
0.66,759.5,318.5,220.5,3.5,2.0,0.25,2.0,13.05,15.89,Low
0.66,759.5,318.5,220.5,3.5,3.0,0.25,2.0,12.93,15.85,Low
0.66,759.5,318.5,220.5,3.5,4.0,0.25,2.0,12.77,16.22,Low
0.66,759.5,318.5,220.5,3.5,5.0,0.25,2.0,13.0,15.87,Low
0.64,784.0,343.0,220.5,3.5,2.0,0.25,2.0,17.14,20.47,Low
0.64,784.0,343.0,220.5,3.5,3.0,0.25,2.0,16.84,20.56,Low
0.64,784.0,343.0,220.5,3.5,4.0,0.25,2.0,17.02,20.48,Low
0.64,784.0,343.0,220.5,3.5,5.0,0.25,2.0,17.11,20.43,Low
0.62,808.5,367.5,220.5,3.5,2.0,0.25,2.0,14.34,15.32,Low
0.62,808.5,367.5,220.5,3.5,3.0,0.25,2.0,14.66,15.64,Low
0.62,808.5,367.5,220.5,3.5,4.0,0.25,2.0,14.6,15.14,Low
0.62,808.5,367.5,220.5,3.5,5.0,0.25,2.0,14.6,15.3,Low
0.98,514.5,294.0,110.25,7.0,2.0,0.25,3.0,28.67,29.43,High
0.98,514.5,294.0,110.25,7.0,3.0,0.25,3.0,28.56,29.78,High
0.98,514.5,294.0,110.25,7.0,4.0,0.25,3.0,28.17,30.1,High
0.98,514.5,294.0,110.25,7.0,5.0,0.25,3.0,28.63,30.19,High
0.9,563.5,318.5,122.5,7.0,2.0,0.25,3.0,31.63,36.35,High
0.9,563.5,318.5,122.5,7.0,3.0,0.25,3.0,32.4,35.1,High
0.9,563.5,318.5,122.5,7.0,4.0,0.25,3.0,32.68,32.83,High
0.9,563.5,318.5,122.5,7.0,5.0,0.25,3.0,32.29,32.46,High
0.86,588.0,294.0,147.0,7.0,2.0,0.25,3.0,28.4,33.52,High
0.86,588.0,294.0,147.0,7.0,3.0,0.25,3.0,29.4,32.93,High
0.86,588.0,294.0,147.0,7.0,4.0,0.25,3.0,29.43,28.38,High
0.86,588.0,294.0,147.0,7.0,5.0,0.25,3.0,29.07,29.82,High
0.82,612.5,318.5,147.0,7.0,2.0,0.25,3.0,24.7,28.77,High
0.82,612.5,318.5,147.0,7.0,3.0,0.25,3.0,25.48,27.76,High
0.82,612.5,318.5,147.0,7.0,4.0,0.25,3.0,25.37,26.95,High
0.82,612.5,318.5,147.0,7.0,5.0,0.25,3.0,25.17,26.41,High
0.79,637.0,343.0,147.0,7.0,2.0,0.25,3.0,39.04,45.13,High
0.79,637.0,343.0,147.0,7.0,3.0,0.25,3.0,38.35,43.66,High
0.79,637.0,343.0,147.0,7.0,4.0,0.25,3.0,39.81,37.76,High
0.79,637.0,343.0,147.0,7.0,5.0,0.25,3.0,39.83,36.87,High
0.76,661.5,416.5,122.5,7.0,2.0,0.25,3.0,35.99,36.07,High
0.76,661.5,416.5,122.5,7.0,3.0,0.25,3.0,36.59,36.44,High
0.76,661.5,416.5,122.5,7.0,4.0,0.25,3.0,35.64,37.28,High
0.76,661.5,416.5,122.5,7.0,5.0,0.25,3.0,36.52,37.29,High
0.74,686.0,245.0,220.5,3.5,2.0,0.25,3.0,11.8,14.49,Low
0.74,686.0,245.0,220.5,3.5,3.0,0.25,3.0,12.03,13.79,Low
0.74,686.0,245.0,220.5,3.5,4.0,0.25,3.0,11.98,14.72,Low
0.74,686.0,245.0,220.5,3.5,5.0,0.25,3.0,11.69,14.76,Low
0.71,710.5,269.5,220.5,3.5,2.0,0.25,3.0,12.41,14.92,Low
0.71,710.5,269.5,220.5,3.5,3.0,0.25,3.0,12.28,14.74,Low
0.71,710.5,269.5,220.5,3.5,4.0,0.25,3.0,12.1,15.57,Low
0.71,710.5,269.5,220.5,3.5,5.0,0.25,3.0,12.19,14.94,Low
0.69,735.0,294.0,220.5,3.5,2.0,0.25,3.0,12.34,14.92,Low
0.69,735.0,294.0,220.5,3.5,3.0,0.25,3.0,12.46,14.38,Low
0.69,735.0,294.0,220.5,3.5,4.0,0.25,3.0,12.31,15.44,Low
0.69,735.0,294.0,220.5,3.5,5.0,0.25,3.0,12.12,15.17,Low
0.66,759.5,318.5,220.5,3.5,2.0,0.25,3.0,12.97,15.53,Low
0.66,759.5,318.5,220.5,3.5,3.0,0.25,3.0,13.01,15.8,Low
0.66,759.5,318.5,220.5,3.5,4.0,0.25,3.0,12.74,16.14,Low
0.66,759.5,318.5,220.5,3.5,5.0,0.25,3.0,12.84,16.26,Low
0.64,784.0,343.0,220.5,3.5,2.0,0.25,3.0,16.83,19.87,Low
0.64,784.0,343.0,220.5,3.5,3.0,0.25,3.0,16.93,20.03,Low
0.64,784.0,343.0,220.5,3.5,4.0,0.25,3.0,16.66,20.46,Low
0.64,784.0,343.0,220.5,3.5,5.0,0.25,3.0,16.86,20.28,Low
0.62,808.5,367.5,220.5,3.5,2.0,0.25,3.0,13.91,14.89,Low
0.62,808.5,367.5,220.5,3.5,3.0,0.25,3.0,14.34,14.96,Low
0.62,808.5,367.5,220.5,3.5,4.0,0.25,3.0,13.95,14.89,Low
0.62,808.5,367.5,220.5,3.5,5.0,0.25,3.0,13.99,14.35,Low
0.98,514.5,294.0,110.25,7.0,2.0,0.25,4.0,28.7,29.61,High
0.98,514.5,294.0,110.25,7.0,3.0,0.25,4.0,28.55,29.59,High
0.98,514.5,294.0,110.25,7.0,4.0,0.25,4.0,28.15,30.19,High
0.98,514.5,294.0,110.25,7.0,5.0,0.25,4.0,28.62,30.12,High
0.9,563.5,318.5,122.5,7.0,2.0,0.25,4.0,32.67,32.12,High
0.9,563.5,318.5,122.5,7.0,3.0,0.25,4.0,31.69,37.12,High
0.9,563.5,318.5,122.5,7.0,4.0,0.25,4.0,32.07,36.16,High
0.9,563.5,318.5,122.5,7.0,5.0,0.25,4.0,33.28,33.16,High
0.86,588.0,294.0,147.0,7.0,2.0,0.25,4.0,29.47,29.45,High
0.86,588.0,294.0,147.0,7.0,3.0,0.25,4.0,28.42,34.19,High
0.86,588.0,294.0,147.0,7.0,4.0,0.25,4.0,29.08,33.93,High
0.86,588.0,294.0,147.0,7.0,5.0,0.25,4.0,29.88,28.31,High
0.82,612.5,318.5,147.0,7.0,2.0,0.25,4.0,25.66,26.3,High
0.82,612.5,318.5,147.0,7.0,3.0,0.25,4.0,24.96,29.43,High
0.82,612.5,318.5,147.0,7.0,4.0,0.25,4.0,25.43,28.76,High
0.82,612.5,318.5,147.0,7.0,5.0,0.25,4.0,26.0,27.34,High
0.79,637.0,343.0,147.0,7.0,2.0,0.25,4.0,40.0,36.26,High
0.79,637.0,343.0,147.0,7.0,3.0,0.25,4.0,38.84,45.48,High
0.79,637.0,343.0,147.0,7.0,4.0,0.25,4.0,38.33,44.16,High
0.79,637.0,343.0,147.0,7.0,5.0,0.25,4.0,40.12,37.26,High
0.76,661.5,416.5,122.5,7.0,2.0,0.25,4.0,36.95,37.2,High
0.76,661.5,416.5,122.5,7.0,3.0,0.25,4.0,36.45,36.76,High
0.76,661.5,416.5,122.5,7.0,4.0,0.25,4.0,36.81,37.05,High
0.76,661.5,416.5,122.5,7.0,5.0,0.25,4.0,36.26,37.51,High
0.74,686.0,245.0,220.5,3.5,2.0,0.25,4.0,12.32,14.92,Low
0.74,686.0,245.0,220.5,3.5,3.0,0.25,4.0,12.3,15.24,Low
0.74,686.0,245.0,220.5,3.5,4.0,0.25,4.0,12.18,15.03,Low
0.74,686.0,245.0,220.5,3.5,5.0,0.25,4.0,12.43,15.35,Low
0.71,710.5,269.5,220.5,3.5,2.0,0.25,4.0,12.36,14.67,Low
0.71,710.5,269.5,220.5,3.5,3.0,0.25,4.0,12.49,15.09,Low
0.71,710.5,269.5,220.5,3.5,4.0,0.25,4.0,12.17,15.2,Low
0.71,710.5,269.5,220.5,3.5,5.0,0.25,4.0,12.28,15.64,Low
0.69,735.0,294.0,220.5,3.5,2.0,0.25,4.0,12.91,15.37,Low
0.69,735.0,294.0,220.5,3.5,3.0,0.25,4.0,12.95,15.73,Low
0.69,735.0,294.0,220.5,3.5,4.0,0.25,4.0,12.67,15.83,Low
0.69,735.0,294.0,220.5,3.5,5.0,0.25,4.0,12.86,16.13,Low
0.66,759.5,318.5,220.5,3.5,2.0,0.25,4.0,12.95,15.95,Low
0.66,759.5,318.5,220.5,3.5,3.0,0.25,4.0,13.0,15.59,Low
0.66,759.5,318.5,220.5,3.5,4.0,0.25,4.0,12.86,16.17,Low
0.66,759.5,318.5,220.5,3.5,5.0,0.25,4.0,12.92,16.14,Low
0.64,784.0,343.0,220.5,3.5,2.0,0.25,4.0,16.99,19.65,Low
0.64,784.0,343.0,220.5,3.5,3.0,0.25,4.0,16.69,19.76,Low
0.64,784.0,343.0,220.5,3.5,4.0,0.25,4.0,16.56,20.37,Low
0.64,784.0,343.0,220.5,3.5,5.0,0.25,4.0,16.62,19.9,Low
0.62,808.5,367.5,220.5,3.5,2.0,0.25,4.0,14.33,15.41,Low
0.62,808.5,367.5,220.5,3.5,3.0,0.25,4.0,14.61,15.56,Low
0.62,808.5,367.5,220.5,3.5,4.0,0.25,4.0,14.61,15.07,Low
0.62,808.5,367.5,220.5,3.5,5.0,0.25,4.0,14.65,15.38,Low
0.98,514.5,294.0,110.25,7.0,2.0,0.25,5.0,28.69,29.53,High
0.98,514.5,294.0,110.25,7.0,3.0,0.25,5.0,28.58,29.77,High
0.98,514.5,294.0,110.25,7.0,4.0,0.25,5.0,28.15,30.0,High
0.98,514.5,294.0,110.25,7.0,5.0,0.25,5.0,28.61,30.2,High
0.9,563.5,318.5,122.5,7.0,2.0,0.25,5.0,33.13,32.25,High
0.9,563.5,318.5,122.5,7.0,3.0,0.25,5.0,32.31,32.0,High
0.9,563.5,318.5,122.5,7.0,4.0,0.25,5.0,31.53,37.19,High
0.9,563.5,318.5,122.5,7.0,5.0,0.25,5.0,32.46,35.62,High
0.86,588.0,294.0,147.0,7.0,2.0,0.25,5.0,29.71,28.02,High
0.86,588.0,294.0,147.0,7.0,3.0,0.25,5.0,29.09,29.43,High
0.86,588.0,294.0,147.0,7.0,4.0,0.25,5.0,28.31,34.15,High
0.86,588.0,294.0,147.0,7.0,5.0,0.25,5.0,29.39,33.47,High
0.82,612.5,318.5,147.0,7.0,2.0,0.25,5.0,25.7,26.53,High
0.82,612.5,318.5,147.0,7.0,3.0,0.25,5.0,25.17,26.08,High
0.82,612.5,318.5,147.0,7.0,4.0,0.25,5.0,24.6,29.31,High
0.82,612.5,318.5,147.0,7.0,5.0,0.25,5.0,25.49,28.14,High
0.79,637.0,343.0,147.0,7.0,2.0,0.25,5.0,39.89,37.54,High
0.79,637.0,343.0,147.0,7.0,3.0,0.25,5.0,39.83,36.66,High
0.79,637.0,343.0,147.0,7.0,4.0,0.25,5.0,39.01,45.28,High
0.79,637.0,343.0,147.0,7.0,5.0,0.25,5.0,38.65,43.73,High
0.76,661.5,416.5,122.5,7.0,2.0,0.25,5.0,35.69,36.93,High
0.76,661.5,416.5,122.5,7.0,3.0,0.25,5.0,36.64,37.01,High
0.76,661.5,416.5,122.5,7.0,4.0,0.25,5.0,36.06,35.73,High
0.76,661.5,416.5,122.5,7.0,5.0,0.25,5.0,36.7,36.15,High
0.74,686.0,245.0,220.5,3.5,2.0,0.25,5.0,12.12,14.48,Low
0.74,686.0,245.0,220.5,3.5,3.0,0.25,5.0,11.67,14.58,Low
0.74,686.0,245.0,220.5,3.5,4.0,0.25,5.0,11.64,14.81,Low
0.74,686.0,245.0,220.5,3.5,5.0,0.25,5.0,12.02,14.03,Low
0.71,710.5,269.5,220.5,3.5,2.0,0.25,5.0,12.27,15.27,Low
0.71,710.5,269.5,220.5,3.5,3.0,0.25,5.0,12.19,14.71,Low
0.71,710.5,269.5,220.5,3.5,4.0,0.25,5.0,12.25,15.23,Low
0.71,710.5,269.5,220.5,3.5,5.0,0.25,5.0,12.27,14.97,Low
0.69,735.0,294.0,220.5,3.5,2.0,0.25,5.0,12.47,15.14,Low
0.69,735.0,294.0,220.5,3.5,3.0,0.25,5.0,12.12,14.97,Low
0.69,735.0,294.0,220.5,3.5,4.0,0.25,5.0,12.18,15.22,Low
0.69,735.0,294.0,220.5,3.5,5.0,0.25,5.0,12.47,14.6,Low
0.66,759.5,318.5,220.5,3.5,2.0,0.25,5.0,12.93,15.83,Low
0.66,759.5,318.5,220.5,3.5,3.0,0.25,5.0,12.82,16.03,Low
0.66,759.5,318.5,220.5,3.5,4.0,0.25,5.0,12.78,15.8,Low
0.66,759.5,318.5,220.5,3.5,5.0,0.25,5.0,13.02,16.06,Low
0.64,784.0,343.0,220.5,3.5,2.0,0.25,5.0,16.73,20.13,Low
0.64,784.0,343.0,220.5,3.5,3.0,0.25,5.0,16.86,20.01,Low
0.64,784.0,343.0,220.5,3.5,4.0,0.25,5.0,16.76,20.19,Low
0.64,784.0,343.0,220.5,3.5,5.0,0.25,5.0,16.92,20.29,Low
0.62,808.5,367.5,220.5,3.5,2.0,0.25,5.0,13.68,15.19,Low
0.62,808.5,367.5,220.5,3.5,3.0,0.25,5.0,13.99,14.61,Low
0.62,808.5,367.5,220.5,3.5,4.0,0.25,5.0,14.16,14.61,Low
0.62,808.5,367.5,220.5,3.5,5.0,0.25,5.0,13.86,14.75,Low
0.98,514.5,294.0,110.25,7.0,2.0,0.4,1.0,32.26,33.37,High
0.98,514.5,294.0,110.25,7.0,3.0,0.4,1.0,32.26,33.34,High
0.98,514.5,294.0,110.25,7.0,4.0,0.4,1.0,32.49,32.83,High
0.98,514.5,294.0,110.25,7.0,5.0,0.4,1.0,32.53,33.04,High
0.9,563.5,318.5,122.5,7.0,2.0,0.4,1.0,36.47,39.28,High
0.9,563.5,318.5,122.5,7.0,3.0,0.4,1.0,37.24,36.38,High
0.9,563.5,318.5,122.5,7.0,4.0,0.4,1.0,36.66,35.92,High
0.9,563.5,318.5,122.5,7.0,5.0,0.4,1.0,35.96,40.99,High
0.86,588.0,294.0,147.0,7.0,2.0,0.4,1.0,31.89,35.99,High
0.86,588.0,294.0,147.0,7.0,3.0,0.4,1.0,32.39,30.66,High
0.86,588.0,294.0,147.0,7.0,4.0,0.4,1.0,32.09,31.7,High
0.86,588.0,294.0,147.0,7.0,5.0,0.4,1.0,31.29,36.73,High
0.82,612.5,318.5,147.0,7.0,2.0,0.4,1.0,29.22,31.71,High
0.82,612.5,318.5,147.0,7.0,3.0,0.4,1.0,29.91,29.13,High
0.82,612.5,318.5,147.0,7.0,4.0,0.4,1.0,29.53,28.99,High
0.82,612.5,318.5,147.0,7.0,5.0,0.4,1.0,28.65,33.54,High
0.79,637.0,343.0,147.0,7.0,2.0,0.4,1.0,41.4,45.29,High
0.79,637.0,343.0,147.0,7.0,3.0,0.4,1.0,42.62,39.07,High
0.79,637.0,343.0,147.0,7.0,4.0,0.4,1.0,42.5,38.35,High
0.79,637.0,343.0,147.0,7.0,5.0,0.4,1.0,41.67,46.94,High
0.76,661.5,416.5,122.5,7.0,2.0,0.4,1.0,40.78,39.55,High
0.76,661.5,416.5,122.5,7.0,3.0,0.4,1.0,39.97,40.85,High
0.76,661.5,416.5,122.5,7.0,4.0,0.4,1.0,40.71,40.63,High
0.76,661.5,416.5,122.5,7.0,5.0,0.4,1.0,40.43,39.48,High
0.74,686.0,245.0,220.5,3.5,2.0,0.4,1.0,14.52,16.94,Low
0.74,686.0,245.0,220.5,3.5,3.0,0.4,1.0,14.61,17.25,Low
0.74,686.0,245.0,220.5,3.5,4.0,0.4,1.0,14.5,17.03,Low
0.74,686.0,245.0,220.5,3.5,5.0,0.4,1.0,14.55,17.25,Low
0.71,710.5,269.5,220.5,3.5,2.0,0.4,1.0,14.51,17.1,Low
0.71,710.5,269.5,220.5,3.5,3.0,0.4,1.0,14.6,17.51,Low
0.71,710.5,269.5,220.5,3.5,4.0,0.4,1.0,14.5,17.12,Low
0.71,710.5,269.5,220.5,3.5,5.0,0.4,1.0,14.58,17.47,Low
0.69,735.0,294.0,220.5,3.5,2.0,0.4,1.0,14.51,16.5,Low
0.69,735.0,294.0,220.5,3.5,3.0,0.4,1.0,14.7,17.0,Low
0.69,735.0,294.0,220.5,3.5,4.0,0.4,1.0,14.42,16.87,Low
0.69,735.0,294.0,220.5,3.5,5.0,0.4,1.0,14.42,17.2,Low
0.66,759.5,318.5,220.5,3.5,2.0,0.4,1.0,15.23,18.14,Low
0.66,759.5,318.5,220.5,3.5,3.0,0.4,1.0,15.23,18.03,Low
0.66,759.5,318.5,220.5,3.5,4.0,0.4,1.0,15.23,18.14,Low
0.66,759.5,318.5,220.5,3.5,5.0,0.4,1.0,15.23,17.95,Low
0.64,784.0,343.0,220.5,3.5,2.0,0.4,1.0,19.52,22.72,Low
0.64,784.0,343.0,220.5,3.5,3.0,0.4,1.0,19.36,22.73,Low
0.64,784.0,343.0,220.5,3.5,4.0,0.4,1.0,19.48,22.72,Low
0.64,784.0,343.0,220.5,3.5,5.0,0.4,1.0,19.42,22.53,Low
0.62,808.5,367.5,220.5,3.5,2.0,0.4,1.0,15.09,17.2,Low
0.62,808.5,367.5,220.5,3.5,3.0,0.4,1.0,17.17,17.21,Low
0.62,808.5,367.5,220.5,3.5,4.0,0.4,1.0,17.14,17.15,Low
0.62,808.5,367.5,220.5,3.5,5.0,0.4,1.0,17.14,17.2,Low
0.98,514.5,294.0,110.25,7.0,2.0,0.4,2.0,32.82,32.96,High
0.98,514.5,294.0,110.25,7.0,3.0,0.4,2.0,32.71,33.13,High
0.98,514.5,294.0,110.25,7.0,4.0,0.4,2.0,32.24,33.94,High
0.98,514.5,294.0,110.25,7.0,5.0,0.4,2.0,32.72,33.78,High
0.9,563.5,318.5,122.5,7.0,2.0,0.4,2.0,35.84,38.35,High
0.9,563.5,318.5,122.5,7.0,3.0,0.4,2.0,36.57,35.39,High
0.9,563.5,318.5,122.5,7.0,4.0,0.4,2.0,36.06,34.94,High
0.9,563.5,318.5,122.5,7.0,5.0,0.4,2.0,35.69,40.66,High
0.86,588.0,294.0,147.0,7.0,2.0,0.4,2.0,32.48,35.48,High
0.86,588.0,294.0,147.0,7.0,3.0,0.4,2.0,32.74,30.53,High
0.86,588.0,294.0,147.0,7.0,4.0,0.4,2.0,32.13,32.28,High
0.86,588.0,294.0,147.0,7.0,5.0,0.4,2.0,31.64,36.86,High
0.82,612.5,318.5,147.0,7.0,2.0,0.4,2.0,28.95,30.34,High
0.82,612.5,318.5,147.0,7.0,3.0,0.4,2.0,29.49,27.93,High
0.82,612.5,318.5,147.0,7.0,4.0,0.4,2.0,28.64,28.95,High
0.82,612.5,318.5,147.0,7.0,5.0,0.4,2.0,28.01,32.92,High
0.79,637.0,343.0,147.0,7.0,2.0,0.4,2.0,41.64,45.59,High
0.79,637.0,343.0,147.0,7.0,3.0,0.4,2.0,43.1,39.41,High
0.79,637.0,343.0,147.0,7.0,4.0,0.4,2.0,42.74,38.84,High
0.79,637.0,343.0,147.0,7.0,5.0,0.4,2.0,41.92,48.03,High
0.76,661.5,416.5,122.5,7.0,2.0,0.4,2.0,40.78,39.48,High
0.76,661.5,416.5,122.5,7.0,3.0,0.4,2.0,40.15,40.4,High
0.76,661.5,416.5,122.5,7.0,4.0,0.4,2.0,40.57,40.47,High
0.76,661.5,416.5,122.5,7.0,5.0,0.4,2.0,40.42,39.7,High
0.74,686.0,245.0,220.5,3.5,2.0,0.4,2.0,14.54,16.43,Low
0.74,686.0,245.0,220.5,3.5,3.0,0.4,2.0,14.45,16.93,Low
0.74,686.0,245.0,220.5,3.5,4.0,0.4,2.0,14.18,16.99,Low
0.74,686.0,245.0,220.5,3.5,5.0,0.4,2.0,14.5,17.03,Low
0.71,710.5,269.5,220.5,3.5,2.0,0.4,2.0,14.7,16.77,Low
0.71,710.5,269.5,220.5,3.5,3.0,0.4,2.0,14.66,17.37,Low
0.71,710.5,269.5,220.5,3.5,4.0,0.4,2.0,14.4,17.27,Low
0.71,710.5,269.5,220.5,3.5,5.0,0.4,2.0,14.71,17.51,Low
0.69,735.0,294.0,220.5,3.5,2.0,0.4,2.0,14.75,16.44,Low
0.69,735.0,294.0,220.5,3.5,3.0,0.4,2.0,14.71,17.01,Low
0.69,735.0,294.0,220.5,3.5,4.0,0.4,2.0,14.33,17.23,Low
0.69,735.0,294.0,220.5,3.5,5.0,0.4,2.0,14.62,17.22,Low
0.66,759.5,318.5,220.5,3.5,2.0,0.4,2.0,15.34,17.85,Low
0.66,759.5,318.5,220.5,3.5,3.0,0.4,2.0,15.29,17.89,Low
0.66,759.5,318.5,220.5,3.5,4.0,0.4,2.0,15.09,18.36,Low
0.66,759.5,318.5,220.5,3.5,5.0,0.4,2.0,15.3,18.15,Low
0.64,784.0,343.0,220.5,3.5,2.0,0.4,2.0,19.2,21.72,Low
0.64,784.0,343.0,220.5,3.5,3.0,0.4,2.0,18.88,22.07,Low
0.64,784.0,343.0,220.5,3.5,4.0,0.4,2.0,18.9,22.09,Low
0.64,784.0,343.0,220.5,3.5,5.0,0.4,2.0,19.12,21.93,Low
0.62,808.5,367.5,220.5,3.5,2.0,0.4,2.0,16.76,17.36,Low
0.62,808.5,367.5,220.5,3.5,3.0,0.4,2.0,17.23,17.38,Low
0.62,808.5,367.5,220.5,3.5,4.0,0.4,2.0,17.26,16.86,Low
0.62,808.5,367.5,220.5,3.5,5.0,0.4,2.0,17.15,16.99,Low
0.98,514.5,294.0,110.25,7.0,2.0,0.4,3.0,32.82,32.78,High
0.98,514.5,294.0,110.25,7.0,3.0,0.4,3.0,32.69,33.24,High
0.98,514.5,294.0,110.25,7.0,4.0,0.4,3.0,32.23,33.86,High
0.98,514.5,294.0,110.25,7.0,5.0,0.4,3.0,32.75,34.0,High
0.9,563.5,318.5,122.5,7.0,2.0,0.4,3.0,34.24,37.26,High
0.9,563.5,318.5,122.5,7.0,3.0,0.4,3.0,34.95,35.04,High
0.9,563.5,318.5,122.5,7.0,4.0,0.4,3.0,35.05,33.82,High
0.9,563.5,318.5,122.5,7.0,5.0,0.4,3.0,34.29,33.31,High
0.86,588.0,294.0,147.0,7.0,2.0,0.4,3.0,31.28,35.22,High
0.86,588.0,294.0,147.0,7.0,3.0,0.4,3.0,32.12,34.7,High
0.86,588.0,294.0,147.0,7.0,4.0,0.4,3.0,32.05,30.11,High
0.86,588.0,294.0,147.0,7.0,5.0,0.4,3.0,31.84,31.6,High
0.82,612.5,318.5,147.0,7.0,2.0,0.4,3.0,28.67,32.43,High
0.82,612.5,318.5,147.0,7.0,3.0,0.4,3.0,29.67,30.65,High
0.82,612.5,318.5,147.0,7.0,4.0,0.4,3.0,29.47,29.77,High
0.82,612.5,318.5,147.0,7.0,5.0,0.4,3.0,28.91,29.64,High
0.79,637.0,343.0,147.0,7.0,2.0,0.4,3.0,41.26,46.44,High
0.79,637.0,343.0,147.0,7.0,3.0,0.4,3.0,41.3,44.18,High
0.79,637.0,343.0,147.0,7.0,4.0,0.4,3.0,42.49,38.81,High
0.79,637.0,343.0,147.0,7.0,5.0,0.4,3.0,42.08,38.23,High
0.76,661.5,416.5,122.5,7.0,2.0,0.4,3.0,39.32,38.17,High
0.76,661.5,416.5,122.5,7.0,3.0,0.4,3.0,39.84,38.48,High
0.76,661.5,416.5,122.5,7.0,4.0,0.4,3.0,38.89,39.66,High
0.76,661.5,416.5,122.5,7.0,5.0,0.4,3.0,39.68,40.1,High
0.74,686.0,245.0,220.5,3.5,2.0,0.4,3.0,13.97,16.08,Low
0.74,686.0,245.0,220.5,3.5,3.0,0.4,3.0,14.22,15.39,Low
0.74,686.0,245.0,220.5,3.5,4.0,0.4,3.0,14.1,16.57,Low
0.74,686.0,245.0,220.5,3.5,5.0,0.4,3.0,13.78,16.6,Low
0.71,710.5,269.5,220.5,3.5,2.0,0.4,3.0,14.07,16.11,Low
0.71,710.5,269.5,220.5,3.5,3.0,0.4,3.0,14.03,15.47,Low
0.71,710.5,269.5,220.5,3.5,4.0,0.4,3.0,13.94,16.7,Low
0.71,710.5,269.5,220.5,3.5,5.0,0.4,3.0,13.86,16.1,Low
0.69,735.0,294.0,220.5,3.5,2.0,0.4,3.0,14.32,16.35,Low
0.69,735.0,294.0,220.5,3.5,3.0,0.4,3.0,14.56,15.84,Low
0.69,735.0,294.0,220.5,3.5,4.0,0.4,3.0,14.33,16.99,Low
0.69,735.0,294.0,220.5,3.5,5.0,0.4,3.0,14.08,17.02,Low
0.66,759.5,318.5,220.5,3.5,2.0,0.4,3.0,15.16,17.04,Low
0.66,759.5,318.5,220.5,3.5,3.0,0.4,3.0,15.18,17.63,Low
0.66,759.5,318.5,220.5,3.5,4.0,0.4,3.0,14.72,18.1,Low
0.66,759.5,318.5,220.5,3.5,5.0,0.4,3.0,14.9,18.22,Low
0.64,784.0,343.0,220.5,3.5,2.0,0.4,3.0,18.48,20.78,Low
0.64,784.0,343.0,220.5,3.5,3.0,0.4,3.0,18.71,20.72,Low
0.64,784.0,343.0,220.5,3.5,4.0,0.4,3.0,18.48,21.54,Low
0.64,784.0,343.0,220.5,3.5,5.0,0.4,3.0,18.46,21.53,Low
0.62,808.5,367.5,220.5,3.5,2.0,0.4,3.0,16.47,16.9,Low
0.62,808.5,367.5,220.5,3.5,3.0,0.4,3.0,16.35,17.14,Low
0.62,808.5,367.5,220.5,3.5,4.0,0.4,3.0,16.55,16.56,Low
0.62,808.5,367.5,220.5,3.5,5.0,0.4,3.0,16.74,16.0,Low
0.98,514.5,294.0,110.25,7.0,2.0,0.4,4.0,32.85,32.95,High
0.98,514.5,294.0,110.25,7.0,3.0,0.4,4.0,32.67,33.06,High
0.98,514.5,294.0,110.25,7.0,4.0,0.4,4.0,32.21,33.95,High
0.98,514.5,294.0,110.25,7.0,5.0,0.4,4.0,32.74,33.88,High
0.9,563.5,318.5,122.5,7.0,2.0,0.4,4.0,36.45,33.98,High
0.9,563.5,318.5,122.5,7.0,3.0,0.4,4.0,35.73,39.92,High
0.9,563.5,318.5,122.5,7.0,4.0,0.4,4.0,35.4,39.22,High
0.9,563.5,318.5,122.5,7.0,5.0,0.4,4.0,36.57,36.1,High
0.86,588.0,294.0,147.0,7.0,2.0,0.4,4.0,32.38,31.53,High
0.86,588.0,294.0,147.0,7.0,3.0,0.4,4.0,31.66,36.2,High
0.86,588.0,294.0,147.0,7.0,4.0,0.4,4.0,32.15,36.21,High
0.86,588.0,294.0,147.0,7.0,5.0,0.4,4.0,32.75,31.0,High
0.82,612.5,318.5,147.0,7.0,2.0,0.4,4.0,28.93,28.2,High
0.82,612.5,318.5,147.0,7.0,3.0,0.4,4.0,28.05,32.35,High
0.82,612.5,318.5,147.0,7.0,4.0,0.4,4.0,28.64,31.14,High
0.82,612.5,318.5,147.0,7.0,5.0,0.4,4.0,29.52,28.43,High
0.79,637.0,343.0,147.0,7.0,2.0,0.4,4.0,42.77,38.33,High
0.79,637.0,343.0,147.0,7.0,3.0,0.4,4.0,41.73,47.59,High
0.79,637.0,343.0,147.0,7.0,4.0,0.4,4.0,41.32,46.23,High
0.79,637.0,343.0,147.0,7.0,5.0,0.4,4.0,42.96,39.56,High
0.76,661.5,416.5,122.5,7.0,2.0,0.4,4.0,40.68,40.36,High
0.76,661.5,416.5,122.5,7.0,3.0,0.4,4.0,40.4,39.67,High
0.76,661.5,416.5,122.5,7.0,4.0,0.4,4.0,40.6,39.85,High
0.76,661.5,416.5,122.5,7.0,5.0,0.4,4.0,40.11,40.77,High
0.74,686.0,245.0,220.5,3.5,2.0,0.4,4.0,14.37,16.61,Low
0.74,686.0,245.0,220.5,3.5,3.0,0.4,4.0,14.48,16.74,Low
0.74,686.0,245.0,220.5,3.5,4.0,0.4,4.0,14.32,16.9,Low
0.74,686.0,245.0,220.5,3.5,5.0,0.4,4.0,14.44,17.32,Low
0.71,710.5,269.5,220.5,3.5,2.0,0.4,4.0,14.6,16.85,Low
0.71,710.5,269.5,220.5,3.5,3.0,0.4,4.0,14.7,17.2,Low
0.71,710.5,269.5,220.5,3.5,4.0,0.4,4.0,14.47,17.23,Low
0.71,710.5,269.5,220.5,3.5,5.0,0.4,4.0,14.66,17.74,Low
0.69,735.0,294.0,220.5,3.5,2.0,0.4,4.0,14.54,16.81,Low
0.69,735.0,294.0,220.5,3.5,3.0,0.4,4.0,14.62,16.88,Low
0.69,735.0,294.0,220.5,3.5,4.0,0.4,4.0,14.53,16.9,Low
0.69,735.0,294.0,220.5,3.5,5.0,0.4,4.0,14.71,17.39,Low
0.66,759.5,318.5,220.5,3.5,2.0,0.4,4.0,15.34,17.86,Low
0.66,759.5,318.5,220.5,3.5,3.0,0.4,4.0,15.29,17.82,Low
0.66,759.5,318.5,220.5,3.5,4.0,0.4,4.0,15.09,18.36,Low
0.66,759.5,318.5,220.5,3.5,5.0,0.4,4.0,15.3,18.24,Low
0.64,784.0,343.0,220.5,3.5,2.0,0.4,4.0,19.06,21.68,Low
0.64,784.0,343.0,220.5,3.5,3.0,0.4,4.0,19.13,21.54,Low
0.64,784.0,343.0,220.5,3.5,4.0,0.4,4.0,19.0,22.25,Low
0.64,784.0,343.0,220.5,3.5,5.0,0.4,4.0,18.84,22.49,Low
0.62,808.5,367.5,220.5,3.5,2.0,0.4,4.0,16.44,17.1,Low
0.62,808.5,367.5,220.5,3.5,3.0,0.4,4.0,16.9,16.79,Low
0.62,808.5,367.5,220.5,3.5,4.0,0.4,4.0,16.94,16.58,Low
0.62,808.5,367.5,220.5,3.5,5.0,0.4,4.0,16.77,16.79,Low
0.98,514.5,294.0,110.25,7.0,2.0,0.4,5.0,32.84,32.88,High
0.98,514.5,294.0,110.25,7.0,3.0,0.4,5.0,32.72,33.23,High
0.98,514.5,294.0,110.25,7.0,4.0,0.4,5.0,32.21,33.76,High
0.98,514.5,294.0,110.25,7.0,5.0,0.4,5.0,32.73,34.01,High
0.9,563.5,318.5,122.5,7.0,2.0,0.4,5.0,35.67,33.94,High
0.9,563.5,318.5,122.5,7.0,3.0,0.4,5.0,35.01,33.14,High
0.9,563.5,318.5,122.5,7.0,4.0,0.4,5.0,34.72,38.79,High
0.9,563.5,318.5,122.5,7.0,5.0,0.4,5.0,35.24,37.27,High
0.86,588.0,294.0,147.0,7.0,2.0,0.4,5.0,32.31,29.69,High
0.86,588.0,294.0,147.0,7.0,3.0,0.4,5.0,31.81,31.2,High
0.86,588.0,294.0,147.0,7.0,4.0,0.4,5.0,31.12,36.26,High
0.86,588.0,294.0,147.0,7.0,5.0,0.4,5.0,32.06,35.71,High
0.82,612.5,318.5,147.0,7.0,2.0,0.4,5.0,30.0,29.93,High
0.82,612.5,318.5,147.0,7.0,3.0,0.4,5.0,29.5,29.56,High
0.82,612.5,318.5,147.0,7.0,4.0,0.4,5.0,29.06,33.84,High
0.82,612.5,318.5,147.0,7.0,5.0,0.4,5.0,29.92,32.54,High
0.79,637.0,343.0,147.0,7.0,2.0,0.4,5.0,42.11,38.56,High
0.79,637.0,343.0,147.0,7.0,3.0,0.4,5.0,41.96,37.7,High
0.79,637.0,343.0,147.0,7.0,4.0,0.4,5.0,41.09,47.01,High
0.79,637.0,343.0,147.0,7.0,5.0,0.4,5.0,40.79,44.87,High
0.76,661.5,416.5,122.5,7.0,2.0,0.4,5.0,38.82,39.37,High
0.76,661.5,416.5,122.5,7.0,3.0,0.4,5.0,39.72,39.8,High
0.76,661.5,416.5,122.5,7.0,4.0,0.4,5.0,39.31,37.79,High
0.76,661.5,416.5,122.5,7.0,5.0,0.4,5.0,39.86,38.18,High
0.74,686.0,245.0,220.5,3.5,2.0,0.4,5.0,14.41,16.69,Low
0.74,686.0,245.0,220.5,3.5,3.0,0.4,5.0,14.19,16.62,Low
0.74,686.0,245.0,220.5,3.5,4.0,0.4,5.0,14.17,16.94,Low
0.74,686.0,245.0,220.5,3.5,5.0,0.4,5.0,14.39,16.7,Low
0.71,710.5,269.5,220.5,3.5,2.0,0.4,5.0,12.43,15.59,Low
0.71,710.5,269.5,220.5,3.5,3.0,0.4,5.0,12.63,14.58,Low
0.71,710.5,269.5,220.5,3.5,4.0,0.4,5.0,12.76,15.33,Low
0.71,710.5,269.5,220.5,3.5,5.0,0.4,5.0,12.42,15.31,Low
0.69,735.0,294.0,220.5,3.5,2.0,0.4,5.0,14.12,16.63,Low
0.69,735.0,294.0,220.5,3.5,3.0,0.4,5.0,14.28,15.87,Low
0.69,735.0,294.0,220.5,3.5,4.0,0.4,5.0,14.37,16.54,Low
0.69,735.0,294.0,220.5,3.5,5.0,0.4,5.0,14.21,16.74,Low
0.66,759.5,318.5,220.5,3.5,2.0,0.4,5.0,14.96,17.64,Low
0.66,759.5,318.5,220.5,3.5,3.0,0.4,5.0,14.92,17.79,Low
0.66,759.5,318.5,220.5,3.5,4.0,0.4,5.0,14.92,17.55,Low
0.66,759.5,318.5,220.5,3.5,5.0,0.4,5.0,15.16,18.06,Low
0.64,784.0,343.0,220.5,3.5,2.0,0.4,5.0,17.69,20.82,Low
0.64,784.0,343.0,220.5,3.5,3.0,0.4,5.0,18.19,20.21,Low
0.64,784.0,343.0,220.5,3.5,4.0,0.4,5.0,18.16,20.71,Low
0.64,784.0,343.0,220.5,3.5,5.0,0.4,5.0,17.88,21.4,Low
0.62,808.5,367.5,220.5,3.5,2.0,0.4,5.0,16.54,16.88,Low
0.62,808.5,367.5,220.5,3.5,3.0,0.4,5.0,16.44,17.11,Low
0.62,808.5,367.5,220.5,3.5,4.0,0.4,5.0,16.48,16.61,Low
0.62,808.5,367.5,220.5,3.5,5.0,0.4,5.0,16.64,16.03,Low
